{
  "roc_auc": 0.9710020112638403,
  "accuracy@0.5": 0.924534024963354,
  "precision@0.5": 0.7635987414609258,
  "recall@0.5": 0.9011386748019696,
  "best_threshold": 0.05
}