{
  "roc_auc": 0.9728716737379417,
  "accuracy@0.5": 0.9254266232126321,
  "precision@0.5": 0.7573456277922178,
  "recall@0.5": 0.9220522907300364,
  "best_threshold": 0.1
}